,name,longitude,latitude,free_bikes,empty_slots,fsq_id
0," PL  JOANIC - C / BRUNIQUER, 59",2.1622548,41.4055198,1,14,00028670e3d01438515caba403ffd680
1,"C/ SARDENYA,  178",2.1825085,41.3967169,17,19,00341b8b54545c560fdec7d7983f9f5a
2,"PL. CATALUNYA, 7",2.169427,41.386543,4,16,00565dda9629be93f8f69358b48602cc
3,"C/ VILADOMAT, 200",2.1508071246452154,41.384810211467105,10,13,006395fd7434c1f65d20cf0a1b0c94f0
4,"C/ DEL DOCTOR TRUETA, 222",2.2041415,41.3992169,13,11,00e4814116fc414fb00b93cc1c9aa1ca
5,"C/ FELIP II, 214",2.1786224,41.426925,9,14,026153e8343ea0aa59a299ddc55f1883
6,"C/ BAC DE RODA, 11",2.2105777,41.4023354,11,9,03b90625659c5bcdf8466510c9c9cdb3
7,"PG. PUJADES, 2",2.183489,41.389135,3,23,03e6b3ec53c2502134c81d25be2babea
8,"AV. PARAL.LEL, 54",2.1709386,41.3751145,14,1,03f546e866d88a87aca588e8177f96eb
9,"AV. PARAL·LEL, 146 BIS",2.1592394,41.3751852,40,0,03f8133a557d1706e2bdaa59db24514c
10,"C/ VILLARROEL, 39",2.1606534,41.3821314,6,25,04c1f418a16200483f9ff8d36ffbea54
11,"C/ SARDENYA, 362",2.1706498,41.4055143,16,3,04d2405659301888532b220530bf6ab7
12,"AV. RASOS DE PEGUERA, 10",2.178959,41.462095,8,11,05cd03116f27936f57a868706aeb2753
13,"C/ SANT ADRIÀ, 2-8",2.1896502,41.433934,1,23,07bb417c7ade54ee396bb3377c172c20
14,"C/ PALLARS, 182",2.1969105,41.4003471,10,21,080233252e62b5c4a5f651f1b69e7eff
15,PL. TETUAN,2.1751709,41.3943454,8,14,084523f98844ad705e48d34b3d667865
16,"C/ ROSSELLÓ, 108-110",2.150878,41.388296,1,15,086561ce0bc3e36a81eb90e26d0bc610
17,"C/ CONSELL DE CENT, 566",2.183145,41.4040364,26,10,0894812b21c0802c56c0fcdcf203e18d
18,"C/ CAMÈLIES, 78",2.1658677,41.4145614,13,8,09257dd0300decf3aa34145b7988dbba
19,"C/ BAILÉN, 100",2.1706323,41.396994,0,27,092ea1f184d8d1755f3a5a91104916fe
20,"AV. DIAGONAL, 680",2.1237141,41.3875297,0,23,094eb7b65cdf38f3f7abd6fe76833690
21,"LA RAMBLA, 1",2.176971,41.376326,11,5,09734124b93865e145f57da0e1a8a096
22,"C/ ALT DE GIRONELLA, 13",2.1302775,41.3949601,0,20,09ca480f42e8a372dae53bc4137e7038
23,"C/ SANT ANTONI Mª CLARET, 290-296",2.1777274,41.4138664,15,8,09cb8fd9f4b645c6115ab159cf8451aa
24,"AV. DIAGONAL, 668",2.1285766,41.3887069,0,25,09d2b48c91aac474258bef2a1700ed16
25,"VIA FAVÈNCIA, 186",2.170393,41.4427374,0,21,0a5863be2a7bf9d1a16bfe4461a8f6d0
26,"AV. DIAGONAL, 602",2.143411,41.392878,0,22,0a7556a190afc2de3bc42eef1b8b5515
27,"C/ J. MAYNARD KEYNES, 2|AV. DGNAL.",2.1168609,41.3862258,0,36,0ae0e4f1bb5a5d21b268bec539413fde
28,"C/ JOSEP PLA, 67",2.2122054,41.411381,5,17,0b683b9f2f5596baaea1da793fb36161
29,"AV. MERIDIANA, 47 (D)",2.1866517,41.3982615,14,28,0bf11c6c1881281b3582f7468f7f7223
30,"C/ BILBAO, 2",2.206645,41.4008312,15,10,0c4cac5891975861c141dbd44374cd54
31,CAMPANA DE LA MAQUINISTA (SAO PAULO I PL. DE,2.1996179,41.4389609,3,24,0c539fabc4dc46d8b5ceb3be59fce5d1
32,"C/ SARDENYA, 292",2.175767,41.4016969,10,7,0ca177aa7f157d4fd9ee72679f6d3b79
33,"RBLA. CATALUNYA, 33 - C/ DIPUTACIÓ",2.1652199,41.3896967,3,20,0d30318c6df68a1f890c2811482d2667
34,"C/ ROSA SENSAT, 20",2.1965766,41.3910756,5,15,0d8fa3d220b325a928f1d218b3155113
35,"C/ DIPUTACIÓ, 200",2.1610515,41.3857425,0,26,0df71ec07a30c424811aed381fbd0c2c
36,"C/ PUJADES, 57B",2.192952,41.3958685,6,19,0e3c6e1e8a235e4f609e6576314a8439
37,"C/ VILADOMAT, 244",2.1469336,41.3875712,8,23,0f0b15d3a81bb3204cc64850518884e6
38,"C/ NÀPOLS, 125",2.1787074,41.3957813,18,13,0f4ff722a51882a7792b8e3802178dc0
39,"PG. FABRA I PUIG, 385",2.1629258,41.4333259,8,20,0f850a848dad56671cf211f1684580b8
40,"C/ GARRIGA I ROCA, 2",2.1718497,41.4191957,10,3,0f9fe229cef0441785dc69de17b17418
41,"C/ DIPUTACIÓ, 272",2.1689031978751205,41.39161170092347,2,22,101580d3395e059b4d12769a5d25d212
42,"C/ SANT ISCLE, 60",2.1716309,41.433384,5,20,108f46fa37b199e3a56017d8ae34309e
43,"C/ DE BARTRINA, 14",2.1858025,41.4391174,8,13,10fc4e8d4de922b51c0ebdf29a61def8
44,"RAMBLA DE L'ONZE DE SETEMBRE, 31",2.1932159,41.4298991,14,16,1139f0f7f91f6444cfaec68ec53b8433
45,"AV. DIAGONAL, 672",2.1256248,41.3880355,0,33,1161584f0cdec1e6c63e016824fe9db4
46,"C/ AMILCAR, 1",2.1720191,41.4300161,8,4,11d965aa22c062de75920e2666e720a4
47,"C/ TARRAGONA, 141",2.1450491,41.3779613,7,11,126463a86cb5fe5421dd27fed9c2c6bc
48,"AV. JOSEP TARRADELLAS, 58",2.1429115,41.385004,6,13,129546d3550305e9a5d2f725866b1667
49,"PG. D'ENRIC SANCHIS, 33",2.2062245,41.4339212,11,14,1369607dbd27029b530192d858bc0587
50,"C/ CASANOVA, 139",2.1542277,41.3887127,13,15,13b112063b8ee8e5475ddbd9e22539fb
51,"C/ MINERIA, 30",2.138599,41.3649272,9,9,13cc3757d548c3d88d2cffe8fd10adac
52,"LA RAMBLA, 75",2.1729755,41.3811389,7,7,13df1f7cf5da20a4df4f16024b6126f8
53,"C/ CÒRSEGA, 216",2.1532163,41.3917666,6,23,143a26af73018f0c2baf57f161c4df3c
54,"C/ JOSÉ DE  AGULLÓ, 9",2.1334873,41.3952027,1,24,14facb5b151f405ddaa251d5e5a19680
55,"C/ VALLESPIR, 49",2.1368202,41.3796421,2,16,15175d0b3a62e7ab9b961b63cc527dea
56,"C/ BRUC, 130",2.1661852,41.3969839,7,17,152ba80b3ff3a4495a001e4e2ee3e50e
57,"C/ SAGUÉS, 1",2.1455022,41.3937414,1,24,1531183adae9d617f88b99b7056ae8f1
58,"AV. RIO DE JANEIRO, 96",2.182335,41.439692,9,15,15603e849340dd9808548b709d679f56
59,"C/ GRAN CAPITÀ, 9",2.1091535,41.3881262,4,21,16542042e0f60846cf29c95a67c22624
60,"C/ DE LES CORTS, 20",2.1288753,41.3854466,2,24,16a291fb985a60b7b1a195e5a20fd7f8
61,"C/ SANCHO DE ÁVILA,  104 - C/ BADAJOZ",2.1924144,41.4003793,3,37,1747e401e4657c8c550ffd30791cbfe5
62,"C/ SANCHO DE ÁVILA, 170 / LLACUNA",2.1956161,41.4027907,2,24,1750df4f9a4a35c6fcdcb16d05a633b4
63,PL. PAU VILA (D),2.186576,41.381046,13,28,177691c9682b3cbc1b88eb02419d115d
64,AV. PARAL.LEL 164,2.1568773,41.3751866,16,0,17e966aea4e9eaaaab7a77d5b59de955
65,"C/ DE BONAVISTA, 14",2.1598243,41.3983444,0,34,19177609459716eb56c7c72a5b5eb05c
66,"C/ ENRIC GRANADOS, 93",2.1563542,41.392135,1,24,196cd5717581af6bcee32f659e8bfb0a
67,"VIA AUGUSTA, 317",2.124329,41.399017,0,24,19d9cd8559c7ac1b0cb36b1f32708d41
68," PG. MARíTIM, 31 B (ANNEXA A LA  12)",2.194735,41.3834753,1,17,1a05be16670c85752010f0efe4698995
69,"C/ LEPANT,  278",2.1765126,41.4047056,1,15,1a670d1e045dd4d7733d85a8d2af7d9f
70,"C/ MEJÍA LEQUERICA, 2",2.1268625,41.3819739,6,19,1af95e2acbba68a8b51a41615cc77042
71,"AV.LITORAL, 84",2.2088454,41.3979002,10,11,1b5961d97851faaca78308b3afeef662
72,"PG. JOAN DE BORBÓ, 42",2.1884228,41.3779974,12,0,1b6c8a565030e3415310729ecda3071c
73,"GRAN VIA CORTS CATALANES, 760",2.1801069,41.3979779,23,17,1c3b749efc8354ce2fe1ca81e9b7a388
74,"C/ GARCILASO, 77",2.1866363,41.4228449,7,7,1e26d529b774405d07a7faa89bc2bbeb
75,"AV. PARAL.LEL, 132",2.1613897,41.3750995,28,0,1f1b5a28741276e122f2ff81c30096ab
76,"C/ CAMÈLIES, 73",2.1631012,41.4134503,25,9,1f6a881d188b0ee856f52612eb990a64
77,"TRAV. DE GRÀCIA, 92 / VIA AUGUSTA",2.1531031,41.3982304,0,14,1f6bcf57dac0a8e71974ad24678ed240
78,"PL. JOAQUIM XIRAU I PALAU, 1",2.1767427,41.3785379,19,2,1f7b68ead83cf6ccc418c0cf0762ff90
79,"C/ PAU ALCOVER, 94",2.131524,41.401883,1,24,1f91573279a4f9509a4957d52d1282eb
80,"RBLA. CATALUNYA, 47",2.164035,41.3902625,1,24,1f9e36d7f297b20aa6a1e64d491c7972
81,"C/ BAILÉN, 62",2.1730023,41.3952527,18,9,202292284aa3e54a835a7d23b46736de
82,"C/ DE LA SANTACREU, 2 (PL. DE LA VIRREINA)",2.1569161,41.4050968,2,21,20489f631072cc28555f2f9df8327ecd
83,"C/ PUJADES, 173/RBLA POBLE NOU",2.20077,41.4018686,11,10,205a69a8b9006b34c6170024516fa6ee
84,"PL. DEL NORD, 5",2.1558354,41.4068417,5,13,206772325f1d9ef3f1d490a20debc2b0
85,"C/ CIUTAT DE GRANADA, 168| AV.DIGONAL",2.189881,41.404511,5,15,20914ed69983503fe161056b18b5af13
86,"PG. VALLDAURA, 171",2.1715576,41.4389014,4,19,209936f04819af74dbbbbb11324f1698
87,"C/ CASANOVA, 55",2.1592566,41.3847738,8,17,20b1df9310878ec699cf30978127aef4
88,"AV. PARAL.LEL, 98",2.1658972,41.3751767,19,1,2131f17cce068654ea6dd796f6775cc9
89,"PL. DELS JARDINS D'ALFÀBIA, 1",2.1740962,41.4373376,2,14,22b6aea1f7b692f680a79ee5c12af878
90,"C/ PABLO IGLESIAS, 21",2.1813051,41.443387,8,22,22fab28014c789ae790f6cec7ce8696b
91,"C/ CUBELLES, 2",2.1751572,41.426078,8,19,2375a6bbc305836292db4b9459bad6c4
92,"C/ SARDENYA, 494",2.1640965,41.4107641,5,13,23908bbb2bc4fc7e610d008664f3e409
93,"C/ D'ESCORNALBOU, 51",2.1763994,41.4180789,11,10,23b6f7550b25fbd13f67b32e2bbde1e1
94,"C/ TARRAGONA,  159-173",2.143868,41.379363,1,18,23be479e3ea0a96b3e62bfbde867a286
95,"C/ GOMBAU, 24",2.1793035,41.3872437,23,2,23f4d8de839b3faed12399069fc003bb
96,"C/ BERLÍN, 38",2.1392662,41.3832609,9,17,24749fc9c12ae80014048d948ebcdcd6
97,C/ MUNNÉ  2-6,2.1232547,41.37541,19,6,24ba194eff6a95e97d82e54e3dccaf63
98,"C/ ESTEVE TERRADAS, 42",2.1402433,41.4144967,4,20,258702699a30e5e6ef91fc779acf10f7
99,"PG. FABRA I PUIG, 449",2.1657506,41.4388644,4,17,263c4d013e6517336c3a20c949bd1e31
100,PG. DE COLOM (VIA LAIETANA),2.1821917,41.380628,1,27,26b8f6b463d3b12280093545d6d64c5f
101,"C/ TARRAGONA, 103-115",2.1473272,41.3763948,11,16,2859e381ef181038d89fdc04ef067165
102,"C/ BAC DE RODA, 157",2.1987258,41.4113024,11,8,285fb40978472b0c0755ff451abf3dff
103,"C/ LAFORJA, 74-76",2.1471724,41.3976165,0,22,296d8cf892209d45de2ffb6cd8bfc9ec
104,"C/ DIPUTACIÓ, 373",2.1756598,41.3968391,18,7,2a09840707012491550b6807d25f2c84
105,"C/ PUJADES, 121",2.1974184,41.3993329,9,19,2ac4f6528d3b970a9fb266edd9776986
106,"C/ BRUC, 66",2.1707419,41.393489,23,7,2aff2ad9ec4b1b84d6abd6492da2e4e6
107,"C/ GRAN DE GRÀCIA, 91",2.1543317,41.4006862,0,18,2b993294c8972929fed281e92891f252
108,"C/ TORRENT DE L'OLLA, 11",2.1606736,41.3989713,0,27,2cf57e9086d0eebfbba51e26c23d0c6e
109,"C/ DE LES ESCOLES PIES, 99",2.1283866,41.4029965,0,26,2eba5bdf50133a1330d68bd60522da49
110,"RAMBLA CATALUNYA, 133 /  CÒRSEGA",2.1572953,41.3953894,0,23,30523ab4cbdb1282d68199e25f481983
111,"C/ VALÈNCIA, 621",2.1872438,41.4108005,18,4,3074f74d1d0b376da926a2c7db3c7977
112,"C/ SANTA AMÈLIA, 2",2.1231228,41.3935355,3,20,30f67feaf5a06496a48c4faf1fe559df
113,"C/ SANT RAMON DE PENYAFORT, 1",2.2206913,41.4134833,19,28,31510e5643434782b828ba5d91cff7f0
114,"AV. D'EDUARD MARISTANY, 1 /FORUM",2.2193724,41.4109763,5,25,31db8a173f6808528f760738023a0d62
115,PG. DE COLOM - VIA LAIETANA,2.1820675,41.380624,19,4,322b68b58c0cae1ff17acb1464eb2337
116,C/ JOSEP SAMITIER | AV. JOAN XXIII,2.1190863,41.3812111,1,26,3265388081aa892ccb5c0730f388da9e
117,"AV. LITORAL, 40 (D)",2.1999572,41.3896642,10,41,3285abf457eb641068daf1b4e5a778de
118,"C/ LLACUNA, 86",2.1976297,41.4022657,1,30,3360c263fd39ea95302bf51e7721067e
119,"C/ D'ALACANT, 12",2.1326911,41.4000778,0,23,34419711ca6f3df9e56a17c7f082b514
120,"C/ LISBOA, 128",2.1521909,41.4267638,2,25,346a3f4d1e15c95fcf7abf4dd69cb0a7
121,"C/ PERIODISTES, 9",2.174401,41.422037,7,10,34cdc33080951b4f34169e9b0de12e71
122,"RAMBLA DEL RAVAL, 13",2.1689592,41.3793558,22,0,35dee580f2824b604e13f794b0c66262
123,"C/ NOU DE LA RAMBLA, 164",2.1667829,41.3719688,18,7,35e66e698b6339913614094b36a65fc8
124,"C/ DE ROSSELLÓ I PORCEL, 1 | AV. MERIDIANA",2.1841014,41.4364887,1,31,363c591f6e428ff1d478e80b6ae106b6
125,"PL. JEAN GENET,  1",2.1740082,41.376735,15,2,36a77ee7024d6a550a37897e26e1cc3d
126,"C/ MARINA, 199",2.1788855,41.4005784,25,10,36bdd6c1fecf797cbdf1cc70c4a46a4b
127,"PL. CATALUNYA, 10-11 (PG. DE GRÀCIA)",2.1696543,41.387696,1,19,371fdbbe54ad9b4dad4c2348497188ea
128,"C/ NOU BARRIS, 23",2.1775154,41.4480464,3,15,3816f07afcd45edd4822fe3147d18799
129,"C/ CASTELLA,  28 / DIAGONAL",2.1977119,41.4056269,1,23,386c55096475077ec2346c1a074a2f21
130,"C/ ROC BORONAT, 134",2.1936584,41.4034967,2,28,38ebb650dd9d97eed0737b715bc34c1a
131,"PG. BONANOVA, 100",2.122889,41.400793,6,15,39a2c0f0f49e9e3449fc18a3215cfd88
132,"C/ BOLIVIA, 120",2.1949461,41.4058109,2,22,3a2ade138375fbb7e09bd97923442494
133,"C/ ROSSELLÓ, 453",2.1740472,41.4060589,15,10,3b49ae2b98339c34d6fb46ce8f0fcc65
134,"C/ CASANOVA, 119",2.1552902,41.387888,2,25,3c096aee00bf5fd600b60936a0fe3e52
135,"C/ SANTALÓ, 165",2.13892,41.4009,7,13,3c743ecf94b93efe624e6495b8634440
136,"C/ JOAN GÜELL, 98",2.1323612,41.3812001,10,11,3d0eb79ed109cc00dfd80dc5ed800cf5
137,"C/ JUAN GRIS, 28",2.1331357,41.3653426,13,18,3dbb2b93d9b68513c2c52e9c10e64aba
138,"C/ ARGENTERA, 23",2.1453424,41.4117633,13,7,3dc0ced3eb7d74f753eff203d02d79cd
139,"PG. FABRA I PUIG, 411",2.163872,41.4357978,6,19,3e5d559944765b0a79693f6177076ce1
140,"C/ PERE IV, 488",2.207186,41.4148983,13,9,404e95fdd5b74e1e23f3c5726866ee29
141,"C/ LOPE DE VEGA, 79",2.2041137,41.4038902,13,10,408725c15ad93ef162f0e92a0cfec7d1
142,"C/ PALLARS, 504",2.2150487,41.4140598,8,13,417ad16238c60e93946e9c620a3d8401
143,"C/ VIRIAT,  53",2.141539,41.3808222,3,18,4221670311bebbea4f1f557ffcd04050
144,"AV. CAN MARCET, 36",2.147904,41.4347859,2,22,42dc5e1f94087c6cc143d7b6144a04a2
145,"C/ WATT, 2",2.1398409,41.3754426,8,9,431ed6d01c118a6b0295a8f949fe526a
146,"GRAN VIA DE LES CORTS CATALANES, 632",2.1679313,41.3890626,0,15,43cd75e496ecd2187a03c10902556277
147,"C/ ANDREU NIN, 22",2.1817718,41.4347233,0,29,43cdddea3c798a5ce5c81ad93210d498
148,"AV. MERIDIANA, 40",2.1871959,41.3960652,4,17,45307942511011020db4625be2fba678
149,"C/ NÀPOLS, 344",2.1663172,41.4054458,4,26,455446f63c8b93fac65bf23a56262efb
150,"GRAN VIA DE LES CORTS CATALANES, 609",2.1678388,41.3893222,0,16,465d5fbd9f725cdd4dbdba1f0612ce64
151,"GRAN VIA DE LES CORTS CATALANES,  981",2.1972673,41.4120452,8,10,468cdd79007124037cb4c49834f0f4c4
152,"C/ ESPRONCEDA, 124",2.203028,41.4065912,2,23,4695e42f21ff521e2f7f08ed7eda702d
153,"AV. DE LA CATEDRAL, 6",2.1766834,41.3850616,10,10,485e3dcc8a771641516691cbcf3631e2
154,"C/ SANT OLEGUER, 2",2.1707321,41.3775319,14,1,4a30020e6926a2ba39f88be0f6bba5cb
155,"PL. URQUINAONA, 3",2.1727457,41.3893094,9,18,4a63c1017c6874ca8491622dded0c3d3
156,"PG. ZONA FRANCA, 54",2.1433038,41.3545425,5,12,4adedd174616ff28ded24a9ad859660f
157,"C/ DELS ENAMORATS, 49",2.181199,41.4040525,28,7,4b6e4440cac580a0f4055d7468f2935e
158,"AV. JOSEP TARRADELLAS, 133",2.1432105,41.3900085,0,13,4b706ced6b46617641ab8a7c2f09bc5f
159,"C/ PROVENÇA, 317",2.166735224916682,41.3988184485363,0,15,4bb1fd0291adbb8f29ad93854e5d026b
160,"AV. ROMA,  136",2.155089,41.3852585,3,14,4bdc1a278f6ce0475588aca3e87ed6ae
161,"AV. MARQUÉS DE L'ARGENTERA,  3",2.184171,41.383597,9,11,4d9eddb337a5445a36c262bc8358952d
162,"C/ ALEXANDRE GALÍ, 1-5",2.1812399,41.4239719,12,14,4dfd8455201f85dbdab1b9875c1d243d
163,"C/ VILLAR, 2",2.1801094,41.4164824,20,7,4e166f81d275254f6d701f3ff3c80649
164,"PTGE. MALUQUER, 16",2.1360313,41.4095489,1,22,4e1e9b146f81a64487cce22816ff59af
165,"C/ DE NIL FABRA, 16-20",2.1517977,41.4059356,4,18,4ec39ba0bb29d1ca4292b40933dc6bb8
166,"C/ ALMOGÀVERS, 63",2.1860256,41.3943033,8,17,4edfad5f85ac5f41f71d030bb02c7a3d
167,"C/ ROGER, 24",2.1269152,41.3767538,18,8,4ee62fada6250687374151b4aeb039fa
168,"C/ SARDENYA, 465",2.1656378,41.4090922,20,2,4f0c56ea18d30a06609a7947f8645968
169,PL. UNIVERSITAT,2.1634768,41.385503,2,19,4f0cdc9d1e090de64755ea017b643f1e
170,SEU DEL DISTRICTE (NOU BARRIS),2.1706752,41.4363473,1,19,4f35587b5a87254f405a876d473846c4
171,"C/ RAMON TURRÓ, 4",2.1906339,41.3905303,9,9,4f57882bd9e80a8ba121bad1315b9d25
172,"C/ LONDRES, 101-103",2.1507739,41.3936144,0,20,4f6b0a073b67a22434cab65e4fedf4ad
173,"RAMBLA PRIM, 79",2.2124993,41.416043,9,22,4f7f0e5605acd664b3a57dfe7c90667b
174,"C/ PROVENÇA, 445",2.174799,41.4048623,14,1,4fc2b099f144cfca9c0c0df278e371d2
175,"C/ VILLENA, 1",2.1921945084594707,41.38860659692564,41,11,5030fd4c58f12bc3e15d661e4c969152
176,PLAÇA ALFONS X EL SAVI / RONDA DEL GUINARDO,2.1652216,41.4121345,8,19,508b30de9a0df2655f739a08903c7d45
177,"C/ EDUARD TODA, 33 | C/ DOCTOR LETAMENDI",2.1585268,41.4345997,1,23,515587ca0fcf6ecc240ae4ca9c4b40f0
178,"C/ DEL COMTE D'URGELL, 75 B",2.1571646,41.3830299,3,22,52249e8f72004c480c1c6a8576e026b3
179,"C/ ROSSELLÓ, 354",2.1707947,41.4031491,7,18,52fa73f978c70844a5df97a301a116b7
180,"RAMBLA DE GUIPÚSCOA, 103 /CANTÀBRIA",2.2016699,41.4200135,8,15,534be855dda9378f5803c7a7bf3d6f18
181,"C/ NUMÀNCIA, 136",2.1344218,41.3878061,0,23,53ce167862161ac3e0db641efe20d40a
182,"C/ ARAGÓ, 614",2.1885055,41.4095069,9,8,542e07db8c95f24dd4f57175db5413dd
183,"C/ PUJADES, 191",2.2017694,41.4026275,4,27,54b26dd25ba58f0dfe77e914dc0c5867
184,PG. DE LLUIS COMPANYS (ARC DE TRIOMF),2.1808391,41.391313,30,2,54bd829993a3b684100ac9a064956b45
185,"C/ VIRIAT, 43",2.1408633,41.3806074,6,14,54ed62464266d6c6a9f500db64487420
186,PL. TERESA DE CLARAMUNT/C/ DELS FERROCARILS,2.1398322,41.3631066,17,15,558a9588c57f132d922efd3be50d01f8
187,"C/ DIPUTACIÓ, 22",2.150523,41.377846,15,5,55ffdfb26f20df2d6ecefaec7f63843a
188,PL. VICENÇ MARTORELL,2.1692556,41.3842634,11,7,5623abe908c3b96a5aceb962c0273f6a
189,"C/ MARINA, 25-33",2.195551,41.388143,13,38,564381fdb919b9d87d5fe0401634b667
190,"C/ COMERÇ, 36",2.1820169,41.3869612,14,8,56510ff03d4f05f12f0558f3b2c00592
191,"C/ SANT FRANCESC XAVIER, 1",2.1781553,41.4417001,5,4,57f74aae4218dbfd66eddce174ff557f
192,"AV. JOSEP TARRADELLAS, 27",2.1420704,41.3829333,5,11,5869b4d6a0fb19d55cf197cf737b00e0
193,C/ ARAGÓ 147,2.1546746,41.3847528,6,9,58abd7401d2bb160e3666d167cb3ad1b
194,"C/ ROSSELLÓ, 557",2.1809764,41.4110754,15,21,58b2f4261bcad8e026d73a9e75a843f6
195,"C/ CLOT, 1",2.1874404,41.4063864,8,16,58fbf6dface3f876f372cf38e1f4297d
196,"C/ LONDRES, 63",2.148291,41.391756,0,29,595e572ca67b7fd58818285d5f751af7
197,"270 - CRTA. DE RIBES, 77 (TRINITAT VELLA)",2.1898372,41.4486328,8,18,5a6414864fcc3c3d8b88fa7c62aabbac
198,"C/ VILADOMAT,  2",2.1629349,41.3755747,9,14,5a6b4c6a6b38a2ed0eba51fd65e031a3
199,"GRAN DE GRÀCIA, 155 (METRO FONTANA)",2.1524704,41.4025392,1,22,5a81f702076a4092dd6e7581ffc307ff
200,"AV. MARQUÉS DE  L'ARGENTERA, 15",2.185085,41.384844,1,24,5ad61e30662fbc77da561d09aebbdc9f
201,"AV. FRANCESC CAMBÓ, 10",2.1773214,41.3855644,5,13,5b5bd28eaaea32d5f45aa307a5b306b7
202,"C/ CANTÀBRIA, 55",2.198071,41.4224015,11,15,5ba9b6be5098ba3b2cbcb81149a5f7c6
203,"RAMBLA DE L'ONZE DE SETEMBRE, 69",2.190246,41.4299999,16,8,5c10c2dba1c5a8e8d9dcbb251fd8eab7
204,"C/ DE RIBES, 59 B",2.1830315,41.39828,17,13,5dd9cb2366f74b3f39ced69bc1b27e63
205,"C/ BRUC, 20",2.1743743,41.3908381,2,20,5e5d2776870d78c58607c84eb4db80d6
206,"C/ RAMÓN TURRÓ, 160",2.1997869,41.3972809,8,18,5e8a9a99852ecd51a4d45c378a80a320
207,PL. JESÚS CARRASCO,2.176726,41.4450463,3,16,5e949bd62eec0a3872120b7300358308
208,"C/ VALLDONZELLA, 2",2.166261693115219,41.384575738679445,12,9,5eb9bb6fe3eb70e4a3250c05c5e46dc9
209,"AV. DIAGONAL, 652",2.1314948,41.389462,1,25,603359f89c4bd2f9e534261e8f834f48
210,"C/ RIERA ALTA, 6",2.1671611,41.3806411,28,1,60e5da341ebfa80528cf1fd1995f8310
211,"C/ FELIU DE CASANOVA, 1",2.1297823,41.3754188,19,8,614ca4a84009c33664c8489c909264f4
212,"C/REPÚBLICA DOMINICANA, 25 (CENTRO COMERCIAL)",2.1970692,41.439929,1,30,614fa4d6943058d43722dc81a0564c6c
213,"C/ IRLANDA, 34",2.18579,41.4315,0,11,627e166d8b3316534a9b51f10ee3d3ff
214,"C/ PAVIA, 3",2.1332694,41.3734706,24,1,62fb13f795141f7e52d9a318ec66fe08
215,"AV. ESTADI, 38",2.1522059,41.3663147,0,20,6483b6ba840a05a814874d0e94cd241f
216,"C/ CASP, 67",2.1764275,41.3937234,19,11,649a6bce881584f2182784d49e47284e
217,"PASSATGE DE SENILLOSA, 3-5",2.1250451,41.3954723,4,20,649da7e42e026afec2f1bae50f912cd1
218,"C/ MÚRCIA, 64",2.1909952,41.4166982,15,11,6522571fe7fa2aaecb16c6049b211ec2
219,"C/ SANT RAMON NONAT,  26",2.1169828,41.3770199,14,4,6597296b8aba550c3c36e8fba2e2a563
220,"C/ INDÚSTRIA, 329",2.1844769,41.4172922,20,13,65eae831e3dbb2bfc1bcb13da8ce3fd9
221,"C/ MALATS, 98-100",2.186105,41.4366708,10,4,6627cf97075521a6295e0364ae4d4e7f
222,"C/ FLORIDABLANCA, 145",2.1629146,41.3819459,18,2,6664971e93f901e063d983180e293d3d
223,"C/ PEDRELL, 52",2.166289,41.4246548,0,23,66c267ba8e1f56ad341dd17f54c369f9
224,"C/ CAVALLERS, 67",2.115107,41.3934324,4,19,670661fba74c24adc1778757b3388588
225,"PL. SANT MIQUEL, 4",2.177292,41.381708,19,6,6771869a4e86404f73b349215b92369d
226,"C/ LONDRES,  53",2.1476308,41.3912605,0,23,67d773ed6f6c11ef95f08828e0043e17
227,"C/ GRANOLLERS, 1",2.1629889,41.4283127,7,15,6862769769ff575bde387fa0dfe64d91
228,"C/ ARAGÓ, 288",2.166797,41.39352,2,14,689309692643da94970d523bb63d78fe
229,"PG. TORRAS I BAGES, 29",2.1910691,41.4378773,7,11,693793a79f93ebddb37e1610e5e0f952
230,"C/ MAS CASANOVAS, 137",2.1745567,41.4158995,8,14,6a26ea12319de8832d6b1e98912f725a
231,"PG. DE GRÀCIA, 61",2.1633226,41.393062,0,29,6ab48a3f17b678b7a14b5e1ec31d716c
232,"RAMBLA DE GUIPÚSCOA, 43/FLUVIA",2.1959771,41.4158412,17,26,6b3e985a3214ab5d1e0732c5a00537e8
233,WORLD TRADE CENTER,2.1804468,41.3720293,10,28,6bbc3329c88fa6e540166c5298c00686
234,"C/ COMTE D'URGELL, 43",2.1594741,41.3812504,21,13,6c594ebea1fb649cf3139aacd6e08031
235,"C/ ROSSELLÓ, 261",2.1599427,41.3954094,11,11,6c8a27a1642eddd5ccf4dfb99a120140
236,"C/ SELVA DE MAR, 230",2.1976864,41.417694,18,9,6dd5a991ff777d35b32920e749a47112
237,"C/ PARE MARIANA, 24",2.1456449,41.4306689,2,25,71f8b22073c7a1dcaa58c7c0f2c28bba
238,"RBLA. BADAL, 73 | C/ CONSTITUCIÓ",2.1328403,41.3685394,16,1,7231524b4cb51d780d762ce7c5440ca2
239,PG. MARÍTIM DE LA BARCELONETA,2.1925198,41.3795862,22,0,73006d172c99dc41ac2bfc7782bec7b7
240,"C/ FELIPE II, 112",2.1849107,41.4219291,16,13,731238b3f7db22b5ac80282218d431f2
241,"AV. DIAGONAL, 634",2.136579,41.3908477,0,21,733c4b7dc13adf43eda617825b978026
242,"PG. VALL D'HEBRÓN, 80",2.1401823,41.419965,0,24,7430c4b147d738a9d824c337da6c9071
243,"C/ MARIE CURIE, 8-14",2.1693134,41.4366871,6,20,75dce6b1bc1c7913937f6e50091a9252
244,"C/ JOSEP ESTIVILL, 32",2.1877153,41.4175595,14,9,762363dddf5baf047e2a56deba1b37ca
245,"TRAVESSERA DE GRÀCIA, 328",2.1689962,41.4082107,8,19,768a668cd88b3ad269f7f0a5bb272f10
246,"C/ CONCEPCIÓ ARENAL, 281",2.1842021,41.4325013,2,25,773b659249bfb4bea3ea7592e540bc1e
247,"C/ RIERA D'HORTA, 2",2.183966,41.427591,5,27,7794c97066f54421f2e6b5a4d3e93d86
248,"C/ BILBAO, 174",2.1954152,41.4090202,10,18,77e6513f3a43c3054c71144be4132e59
249,"C/ CAMPO FLORIDO, 66",2.1799878,41.4216738,7,9,790df2a3ab9214fa167cefd9b4933ec2
250,"VIA DE BÀRCINO, 54",2.1922985,41.45137,5,12,7a85b16030c1e8ba38e176f471deb552
251,"C/ ROSA SENSAT, 12",2.1972309,41.3906051,4,13,7be8b5ea66e4126db598f2c674953f92
252,"AV. DOCTOR MARAÑON, 25 | C/ PAU GARGALLO",2.112186,41.383585,0,25,7bfc210262d212fae21b9bd6e5134d40
253,"RAMBLA DE PRIM, 19",2.2183313,41.4116634,6,20,7c21a5ffcb9e694f3a6cae488cfcade5
254,"C/ LLEIDA, 40",2.1554047,41.3717304,17,8,7d5ed93b63811f1aacd75f5ecb137eae
255,"C/ DE CAN SEGALAR, 4",2.13059591593856,41.38794133109378,18,19,7e0f36c8984aef9eefa972cece14ab6d
256,"C/ DOS DE MAIG, 230-232",2.1820722,41.4071692,13,3,7f6345da889f235b5dcb5f42e48b2be9
257,"C/ VALLESPIR, 194",2.1334379,41.3847113,2,22,828aabafef632a022098fb26044bcf63
258,"AV. MARQUÉS DE L'ARGENTERA,13",2.184922,41.384546,2,25,8344100c041dd422a4efaf2be6961e27
259,"C/ ENTENÇA, 137",2.147474,41.381951,13,24,837a89e6f83e86ee9812f66f36bea49a
260,"C/ PALÈNCIA, 31",2.1904005,41.4182129,1,25,837b1735c1425961256c0028bc839c0e
261,"RONDA SANT PAU, 79",2.1633139,41.3783467,23,1,83c1b708f8fff858d20f137f1153fb0c
262,"C/ AMILCAR, 78",2.1722534,41.4260751,7,16,84a14ee591bad0c01cf695bfeb743c9b
263,"C/ MAIGNON, 31-41",2.1524953,41.4095926,7,20,85754ee6b3be59b9e61376c7d72cd0eb
264,"C/ ENRIC  GRANADOS, 35",2.1599078,41.389668,0,19,85dc8b5af64cd8170cb4d2b437339c75
265,"C/ CASTILLEJOS, 184",2.1829894,41.4021805,14,13,86511c8ca4c89cfbdf783e69ab9e27fe
266,"AV. RIO DE JANEIRO, 118",2.185727,41.442489,11,17,86e626699f549ebeb2ca9b69042b5d92
267,"C/ VILAMARÍ, 2",2.154004,41.3755016,18,1,871cd416cf79c532d0ecce37f1da4edf
268,"C/ CARDENER, 59",2.1579897,41.4105956,14,9,8919e2b707ebb21481074247d81c0d1e
269,"C/ CASTELLNOU, 65",2.1279409,41.3970497,1,28,894e06803b8bc58d13d8ba7467e99ea4
270,"C/ FERNANDO PESSOA, 72",2.1929816,41.4457195,5,20,89d251d517c3cf0c0435af9d4daa1058
271,"C/ RIBES, 77",2.1841711,41.4001015,3,22,8b869bec6b09fe353385927f2e6d9836
272,"C/ JOAN GÜELL, 50",2.1335494,41.3786364,7,10,8c05047d2874b070f431349c37ee8710
273,"C/ CARME KARR, 12-14",2.1204941,41.3986238,1,21,8ca64c5a6a216cb4628c6f4e7aff13bd
274,"LA RAMBLA, 101",2.1717083,41.3826647,16,7,8d1c2df3992c59d06f07e74fa708741a
275,"C/ ARTESA DE SEGRE, 2",2.1344691,41.402988,2,25,8d86e740799da8e5ffd2ac729a5ca92b
276,"PL. CATALUNYA, 22",2.1702467,41.3860607,11,20,8df93fef7528967cb82fb90fea6bd0bf
277,"C/RADI,10/GRAN VIA DE LES CORTS CATALANES",2.1341586,41.363279,7,21,8f6b673cb8b0b202a6562c9e43efd166
278,"C/ ALTS FORNS, 77",2.1417765,41.3595484,19,10,8fd6db8cb80654809347bed85879b49b
279,"C/ ESCULTOR LLIMONA, 7",2.1697582,41.4276076,10,17,8fdb03b50ec6c7d2a4fd6522f041aac6
280,"PORTAL DE SANTA MADRONA, 2-4",2.1758261,41.3770715,4,19,90990cfd1aaa063c3bd318aae5f8b122
281,"AV. DIAGONAL, 26",2.2163136,41.4110822,3,31,90e711b0858b61446652be14b4d549a3
282,"GRAN  VIA DE LES CORTS CATALANES, 375-385",2.1499102,41.3757914,13,33,916b4d2c589fad262929399f082c7571
283,"PG. LLUIS COMPANYS, 18  (ARC TRIOMF)",2.1805685,41.3914292,19,20,9197b4871b9c31693dd4f6f37b716a57
284,"PG. SANTA COLOMA, 105",2.1976757,41.4479402,18,19,91ddcd365904e8718a7bd99779794ae4
285,"C/ PORTUGAL, 3",2.191206,41.4258248,8,16,91ef690acc5603e3e61a905392e0cf04
286,"RAMBLA DE PRIM, 256",2.2008632,41.4256626,1,24,9236b6b2cd0af13747bef6610bc2815c
287,"C/ MALATS, 28-30",2.1894423,41.4361251,8,23,92380b259f2c26fcde401f6f1a369fd3
288,"AV. JOSEP VICENÇ FOIX, 52",2.1205394,41.3948771,0,20,923a0f0ea1a7c446bee69356e220743e
289,"C/ DEL DR. AIGUADER, 72 / PG. SALVAT PAPASSEIT",2.1914756,41.3838369,19,2,9243da16a0b663887ae0d67e6f52092e
290,PL.VALENTÍ ALMIRALL,2.192042,41.4084796,10,14,92f3c47fc8b2520293d84e3b509b6fda
291,"C/ TUSET, 19",2.1513154,41.3960982,0,21,935058af9c6e404d8b6e4558ebe7678e
292,PG. DE COLOM (LES RAMBLES),2.17881,41.37652,21,6,938d6e80af6873d5f085786edde6603c
293,"C/ DE SANT PAU, 119/ RONDA SANT PAU",2.1680021,41.3754047,21,2,94e5f738c07f13504a420241312a9018
294,"C/ DE MALADETA, 1",2.1769107,41.4315843,8,9,951bf060982350664a34d1316b496f4b
295,"C/ FULTON, 1",2.1617032,41.4297231,8,12,95caf46aca1e3505945e857b05f84f40
296,"C/ SARDENYA, 402",2.1684799,41.4072349,10,13,95f8c85a04b96afefd04d96f2811dab9
297,"C/ ESPRONCEDA, 298",2.1908473,41.4158807,10,13,9688a50feda32c00f9d0929cec47acce
298,"AV. DIAGONAL,  612",2.1422174,41.392567,0,23,96f5f6ef281da60b166a50fc03189e7d
299,"C/ SANT ADRIÀ, 88",2.2001569,41.4354601,4,15,97a2d55faca5f8980ed77f15bed3427a
300,"CARRER DEL CINCA, 7",2.1920873,41.4356895,1,23,97aa364f0eee0d6a736b47c987418b9b
301,"C/GAVÀ, 81",2.1389439,41.3703717,16,0,9822bbdbb55cf9802b6d8e92d62bbb66
302,"GRAN VIA DE LES CORTS CATALANES,  1062",2.2017955,41.4139298,13,16,986b6d406122255e35f3612c23453986
303,"C/ JORDI GIRONA, 29",2.1154135,41.3881175,1,25,98736433716085131ebffd1f17aa648a
304,"C/ FÍGOLS, 1",2.1289917,41.3812979,3,21,98bc9f8de8c6d27b02a754f6b0ac4d5b
305,"C / PROVENÇA, 241",2.1601641,41.3938861,1,14,9a40a01fc442d4f03d0c825280e7f70e
306,"C/ SANT HERMENEGILD, 30",2.1445843,41.4031529,19,5,9a7b57a18c273d1722a143bdefa072ce
307,"C/ DE L'ENERGIA, 2 / ALTS FORNS",2.1371996,41.3573288,14,16,9c003bbd85b2e441cd85d2fe1142f1b9
308,"C/ MÉNDEZ NÚÑEZ, 16",2.1775594,41.3900544,5,19,9c2e3e53b02eb550cda4f0dd07d10828
309,"GRAN VIA DE LES CORTS CATALANES, 592",2.1646697,41.3863747,16,15,9c3778f6373e6a82078f3609beeb4479
310,"CARRER DE LA MARINA,25-33",2.195073,41.388507,4,36,9c69271613b865adfc7f4580e4704285
311,"C/ RAMON TURRÓ, 292",2.2084257,41.4038559,5,22,9db9646e880ada6e547ad2303c1fd1cb
312,"PG. MARITIM, 11 (DAVANT PL. BRUGADA)",2.194294,41.382398,19,10,9e1e3820d23bb0473c83c1de8ea766c8
313,"C/ MARQUÈS DE SENTMENAT, 46",2.1376205,41.384972,19,5,9ee110ea13f89c4d80d6b4e3d51dd546
314,"C/ LLULL, 465",2.2177652,41.4132316,17,12,9f58f56f42bcc8b3511501b15d528efd
315,"C/ TURÓ BLAU, 1-3",2.1767828,41.4388223,6,14,a0487dd8415803f990a1e0577f53e2b4
316,"AV. RIO DE JANEIRO, 3",2.1821802,41.43068,2,28,a08c92d249cec30792553ab20536cf99
317,"C/ DE SANT PAU, 89 - 97",2.1698206,41.3768806,14,0,a0dfe4536c9e3cfdf5191d05ba4cc286
318,"C/ PUJADES, 103",2.1960799,41.3983902,4,26,a13269f74bcc2a4674f65cb7b379bfe9
319,PL. DEL MAR,2.1889045,41.3748001,0,16,a1bbf788354fc35aabae59730f4aaf01
320,"C/ CIUTAT D'ASUNCIÓN, 73 / POTOSÍ",2.1996045,41.4431441,5,21,a1c53aa90947b3c997765873a3a51014
321,"C/ MANDONI, 6",2.1426008,41.3693483,16,3,a22b6a5949162d4d2c297b519114fb63
322,PL. ICTÍNEO,2.1836886,41.3776292,17,10,a2ad3c3ea5fb48794a4f05547bf45a87
323,"C/ GANDUXER, 29",2.1380304,41.3939378,0,19,a38652efcd560833b66a90c618ec85c7
324,"C/ CRISTOBAL DE MOURA, 84",2.2061691,41.410712,1,24,a477a9cb5e302f3a206d7e45d1976dab
325,"C/ FRANÇA XICA, 4",2.1602153,41.3721749,14,1,a4bdbf8a69212e193293a89e63e93e8b
326,"PG. FABRA I PUIG, 344",2.1671068,41.430623,8,8,a4d7432e72c9001d3af12d71335a63a4
327,"C/ PORTO, 35 | AV. ESTATUT DE CATALUNYA",2.1564551,41.4306102,8,20,a512a25dc72978e08e197d1f2f20ae5b
328,"C/ DURAN I BAS, 2",2.1740155,41.3854094,6,18,a6233a1762046603bd37d35b0821adbc
329,"C/ AGUSTÍ DURAN I SANPERE, 10",2.1677294668647606,41.381635534627016,21,16,a681c273559134ba958488832d05377c
330,"C/ TUCUMÁN, 21",2.2010422,41.4457962,5,19,a6d71c2346845ecd60f36a4917082f57
331,"PG. DE GARCIA FÀRIA, 21/ESPRONCEDA",2.210191,41.400654,7,19,a6fed1c13ea51aa2e2fe9d5631f765f0
332,"C/ VALLMAJOR, 13",2.1386719,41.3981616,1,17,a7a1407fe9858d2c96db2858a2f92c91
333,"C/ NÀPOLS, 183",2.1754896,41.3981669,20,4,a8d71767532b6d52e8e53bee77f19cdb
334,"C/ DEL GUINARDÓ, 32-38",2.1817876,41.4156285,7,16,aa3c9dc88d9b7e74bdd960c5d2a42055
335,WORLD  TRADE CENTER,2.180302,41.3718728,9,28,aa57523a41ed37cd0eca001803241c37
336,"PG. FONT D´EN- FARGAS, 1",2.1659881,41.4275514,8,17,aad7ee497c1bd869026313bbb67e1caf
337,"C/ MASSENS, 76",2.1557747,41.4092333,7,18,ab5aed96eeda51ba68ab88cfeb6d6201
338,"C/ BRUC, 45",2.1717397,41.3924661,2,22,abe41b077f52ff6dcd89fe331d42cc6c
339,"AV. JOSEP VICENÇ FOIX, 63",2.1194557,41.3977227,0,35,ac4a41e000abdda3d9494e46846b8a13
340,"AV. JOAN XXIII, 17",2.122175,41.383467,0,20,aca83ec4f285c718592e930810c0679e
341,"C/ ONZE DE SETEMBRE, 37-39",2.1922011,41.4298614,11,15,ad095f2d769ae6eb8ce76db4bde21a0c
342,"RAMBLA DEL BRASIL, 44",2.1297303,41.3783067,9,14,add304609643d6d30a5c15cd5432fea4
343,"C/ INDEPENDÈNCIA, 379",2.1778852,41.4118378,18,5,af8224f573182b287a9e33413c6a3f14
344,"C/ GAVÀ, 1",2.1419494,41.3723682,7,21,af8ed8f730d69306e8971ff13d1080ce
345,"TRAVESSERA DE GRÀCIA, 368",2.1715285,41.4098842,14,13,afa694b030bf59152b1649bde5a8870c
346,"C/ MIREIA, 28",2.1894717,41.4513863,8,6,b121b1383d4269226f7d5bb7be520c19
347,LA BARCELONETA (CN BARCELONETA),2.188928,41.3736911,0,15,b14fe56c969981b87e380a303ce48826
348,MOLL ORIENTAL,2.1879597,41.3694508,1,39,b1dadc34eb4621be3322c4989aadbce6
349,"VIA FAVÈNCIA, 47",2.1664224,41.4418604,1,21,b2165ce2ff7a16ce71a4e9b62697fcff
350,"C/ GRAN DE GRÀCIA, 37",2.1564253,41.3989151,0,23,b38b4aff722d92c76825f9b80d63a825
351,"C/ SELVA DE MAR, 46",2.2088179,41.4091355,11,16,b531533edea1cbb1febcacfa1b2de898
352,"C/ PALAMÓS, 33",2.184857,41.446923,7,21,b543814d13e0580dc044f98f50c910bb
353,"C/ LLULL, 309",2.2091221,41.4065291,11,16,b5c71ae466be2730a78d671a1ddd6ace
354,"C/ AGUSTÍ DURAN I SANPERE, 1",2.16807754829512,41.381381539774694,18,2,b5f806177c4eda18fc9ff5a52fd409b1
355,"C/ PEDROSA, 24",2.1833801,41.4490679,3,19,b6047e107523ffec8ad208d60a863d1a
356,"AV. DIAGONAL, 630",2.1390667,41.3915195,1,30,b68161aaef7bae4f079fb4ea4e37291f
357,"RAMBLA DEL BRASIL, 5",2.1299539,41.3759419,8,14,b745f8d58596de1ac5969e7b77a5c84c
358,"C/ DEL CANÓ, 1",2.1574439,41.4013296,1,18,b7592cd6043ae21ee3e41b2fa96d9a33
359,"C/ FLORIDABLANCA, 49",2.157233,41.3776721,10,5,b81ccb25428d4ff0e25482cc54c4cfee
360,C/ TARONGERS | AV. MIRAMAR (TELEFÈRIC),2.1645038,41.3683855,1,27,b82f5f0972231a1fb3779ee709285b28
361,"C/ PROVENÇA, 595",2.1826833,41.4105848,18,0,b8842240a2cb97138d29fba49a6e857e
362,"PG. DE GARCIA FÀRIA, 37/JOSEP FERRATER",2.2136,41.403216,5,26,b9379ff2e8991e872a5640b5aae569d2
363,"C/ MONTFAR, 1",2.148729,41.37049,2,20,b9758e38f9f3301f45795fb11196c0d9
364,"C/ RAMON ALBÓ, 1",2.1773157,41.4244527,8,16,b9bf856e3de3ecb08c2d6004101edf10
365,"PG. VALLDAURA, 26",2.1565742,41.4374904,1,22,ba34ae0d78db56158e7af60a1ebf475d
366,"C/ RAMON TRIAS FARGAS, 23",2.1923283,41.3889972,5,33,ba4020a51a4b1ad5d38c730af551134d
367,"C/ PROVENÇA, 215",2.1586273,41.3927771,0,27,ba5dcb0eba1cb9534943421364599d7c
368,"C/ GÒNGORA, 23",2.1746238,41.4432762,5,19,baac32fbb8447abb62b24476341a1999
369,"C/ RIERA BLANCA, 123",2.127854,41.371459,23,1,bb7a5c1d82f51c2132e19e0156f635dd
370,"C/ VALLESPIR, 13",2.1378667,41.378118,5,10,bbc36a18217c2a3dafed0c1cc9ab7f0b
371,"C/ BALMES, 409",2.1381069,41.4074131,5,25,bc01d4e4933dde712fd91327c7dfc059
372,"C/CONSELL DE CENT, 6",2.1439036,41.3755503,4,15,bd53dacde784bdd4a6fbea912d0fff75
373,"C / GIRONA, 176",2.1644531,41.3999967,0,22,bd95af27910d965ae58b27109ca040cc
374,"C/ BRUC, 102",2.1681961,41.3954041,0,17,be6b8196d1e1535db1e0ac8bd50d4739
375,"AV. SARRIÀ, 163",2.1309272,41.3922355,1,20,be92e88c502119cf00fa9043b784f279
376,"C/ MÚRCIA, 1",2.1874539,41.4143392,16,1,bfe7a747985c502d0aabe4efe0847b8f
377,"C/ DEL TORRENT DE LES FLORS, 102",2.1586704,41.4078456,9,5,c03f3bcdbfaf01b9631236692d76a93b
378,"C/ PUJADES, 311/ FLUVIÀ",2.2074469,41.4070139,4,28,c0404e92e0f3547d112fb945e7cb4e0f
379,"AV. LITORAL, 72",2.2078439,41.3961412,4,23,c0d5295a77f4cb6e6d6af21c38439874
380,"C/ SARDENYA, 326",2.1729061,41.4039698,10,16,c130134610be40499ad745cdd23a520d
381,"C/ CARDENAL REIG, 11",2.114029,41.37684,11,13,c1a0d40374fb01ca5395a5ec4449cac4
382,"C/ JOAN MIRÓ, 2-12",2.1968267,41.3890253,8,22,c1cdae8945633fe90d21ec0081cea328
383,"PG. VALL D'HEBRÓN, 168",2.1443777,41.4280668,7,40,c1e818c978c673efb4fb8da5e7e51791
384,"PG. MANUEL GIRONA, 7",2.121,41.39038,1,22,c2cc6f14eff599dc8f98ad45ba99c6dd
385,"C/ TEODOR LLORENTE, 1",2.18018,41.419178,25,6,c41a52a203d08c919f6d198e30f629af
386,"C/ JANE ADDAMS, 26/ CRTA. DEL PRAT",2.1356187,41.3621232,13,20,c4e81a9afb47f3d720c2d13b2b3e69b9
387,PL. UNIVERSITAT /  ARIBAU,2.1634306,41.3856474,5,20,c51f2cc04dcb83a49bd57179df24f94b
388,"GRAN VIA DE LES CORTS CATALANES, 179 (D)",2.1388216,41.3675574,24,24,c55705a98f23d2296c39a68af7876656
389,"GRAN VIA DE LES CORTS CATALANES, 368",2.1479385,41.3743329,5,20,c5d5f7bd79f1d304efb37faa60ae1d64
390,"C/ MONTMANY, 1",2.1609345,41.4035608,2,24,c5eb25fe1445a3f02633fd958096305f
391,"AV. MERIDIANA, 404",2.1834174,41.4304126,3,29,c6edb376f8c2f0e7f2b70725c36402c9
392,PG. DE LLUíS COMPANYS (ARC DE TRIOMF),2.1801142,41.391062,14,13,c71b8a779106faf1ec1b01cadd98e45f
393,"C/ RIUS I TAULET, 4",2.1539198,41.3727426,18,9,c7a171a3d2dad350917e41a0b8e28e74
394,"PL. CATALUNYA, 10-11 (LA RAMBLA)",2.1690686,41.387493,1,16,c99fff35b0450411d06dac8b89f74437
395,"C/ ANTILLES, 8",2.1872818,41.4250835,7,17,c9d0f804dc5a2213edae31e31cbbcbe3
396,"C/ REINA VICTORIA, 31",2.136346,41.3969455,1,21,ca4e7de46ae2cece4a671ee1c6a62dfc
397,"C/ CASTILLEJOS, 258",2.1785364,41.4064529,7,11,ca75bf1278bcc8c569ebe033092a4627
398,"C/ BOLÍVIA, 76",2.1913538,41.4030225,1,15,cb6067d868f49af57bcb772cf547ac58
399,"PG. PUJADES,  1 (JUTJATS)",2.18329,41.388885,11,15,cbd7a9e3c74db2af2926d83c711e13e7
400,"GRAN VIA DE LES CORTS CATALANES, 1041",2.2008139,41.4145805,9,14,cbe83a0b2a3af4cd0a86cf4a0e2be928
401,"C/ CALÀBRIA, 112",2.1544371248113956,41.38031805998654,32,3,cc7badf0256ff4ad77bd11887ab205e1
402,"C/ SANT PERE MÉS ALT, 4",2.1753364,41.3871079,16,4,cca384f10ed51ada861035bb4b17e71f
403,"AV. VALLCARCA, 11",2.1492066,41.4074444,8,7,cd2e90920bcbabea6840fc65d766ac43
404,"C/ CALABRIA, 158",2.1520645,41.3821658,17,1,cd72ad4a9dbceb4c46d87353ce542df0
405,"C/ ENTENÇA, 70",2.1516210083711993,41.3790954665734,9,13,ce794ac7bd8798e23eae41c3e13e8384
406,"C/ SANT ADRIÀ, 113",2.2047037,41.4361782,15,6,cf23d88209be498ef58d4a397afecf46
407,"C/ JOAN GÜELL, 174",2.1312876,41.3839045,5,15,cf27f9447a9429924729959bc6171a49
408,"AV. LITORAL, 172",2.2037136,41.3919877,8,43,cf4f9f6ade2aebdc251e2ff66732280f
409,"C/ MARTÍ I FRANQUÈS, 1",2.1170751,41.3847061,0,25,cf5dad1971da0e28b4cbec40613054e2
410,"PG. MARITIM, 23 (HOSPITAL DEL MAR)",2.1946255,41.3833653,4,16,cf6a2bb796218f8754da1c8d45f5cb30
411,PL. VIRREI AMAT,2.174444,41.4296439,15,15,cf7b7020945106c2d6334672818fd7c0
412,PLA DE PALAU,2.183723,41.382418,9,14,cf9ded0d93ad2c4ced2273e7287aaf77
413,"C/ PALAUDÀRIES, 2",2.1730255457161096,41.37449997033759,24,3,d020d5be58569a2c2206196e603e7ef2
414,"C/ NÀPOLS, 82",2.1813305,41.3941557,8,18,d03bca09c80e5a1eea3ea916922ef802
415,"C/ VILAMARÍ, 85",2.1468381,41.3807072,0,25,d1bbabe6337fcbd7604c6237e9122cf2
416,"C/ RAMON TURRÓ, 91",2.1965965,41.3953011,7,19,d1d49e0df5efb64832fb29b9925ad5fe
417," AV. DIAGONAL, 650",2.1328634,41.3897943,2,26,d29e2abe8c06a377b78d71eee1d0f478
418,"PG. DE GRÀCIA, 89",2.1612814,41.3949729,0,29,d2b55d534f311af5c1e2aa96d75a7005
419,"PG. UNIVERSAL, 29 | C/ DOCTOR LETAMENDI",2.1620235,41.4372022,21,1,d2e118344ec10c3c2273a95a405fb7c3
420,"AV. MERIDIANA, 71",2.1867650955645956,41.4014737309554,7,14,d30fe84c89de1a84f9e2d069d7266806
421,"GRAN VIA DE LES CORTS CATALANES, 902",2.1930174,41.4075013,2,11,d49ebcf08dedec667839873cce78f4f2
422,"C/ CONSELL DE CENT, 482",2.1780175,41.40013,16,9,d4a4e50c2de87880e9a073243eb63701
423,"C/ SANCHO DE ÁVILA, 60-64",2.1902116,41.3987543,6,22,d5f71274f2fcb44cf751cbf8e7b7c700
424,"C/ MADRAZO, 39",2.149144,41.400305,2,20,d619601c806c7e3476c79145cafcd1da
425,"C/ PONTEVEDRA, 58B | C/ JUDICI",2.19067,41.37686,15,4,d641b96ef9ab92b463833bc1d0f20304
426,"C/ MADRAZO, 131",2.1445567,41.3967824,0,22,d6505fff5b4c2a24385305452780ffa1
427,"C/ SANT PERE D´ABANTO, 2",2.143565,41.371366,10,21,d66ffbdf034373fa2a73d73292581b49
428,"C/ VILAMARÍ,  61",2.1490553,41.3790718,6,14,d6b22a7060e924a9d72bf714bb7abe66
429,PG. SANT ANTONI /PL. SANTS,2.1358571,41.3756948,11,10,d75f6859f1594fbe1c608d67b3e0bce9
430,RECINTE PARC DE LA CIUTADELLA,2.1875446,41.3873901,3,24,d7a6697f01078b20f3c06402826e491f
431,"RAMBLA FABRA I PUIG, 67",2.1849813,41.4299201,11,16,d838e012f31b57bf9dc347842df5d1d6
432,"PG. LLUIS COMPANYS, 11 (ARC TRIOMF)",2.1801763,41.3911035,13,23,d8e00fe3427e7d26ff26b6b56fc29df3
433,"PG. ZONA FRANCA, 9",2.1450958,41.3513237,12,23,d8ef96f2a72455aea701d6d832370afd
434,"C/ ROCAFORT, 187",2.1479931916296557,41.38322238887374,4,16,d91cce5b9b84bd9bbec5fd4330c46d51
435,"PG. OLIMPIC, 8",2.1543216104507534,41.361972900539186,17,19,d996ea344ed08a9b4e596f2d73e52c4c
436,"C/ DIPUTACIÓ, 226",2.1631263,41.3873057,4,20,da6b1559f96d6eeb9fcc56d530d88d93
437,"C/ PUJADES,  3",2.1874966,41.39212,9,18,da82ae0907f36bbbba96d9c81baeffe4
438,AV. LITORAL (PG MARÍTIM DEL PORT OLÍMPIC),2.1993105,41.3889129,2,23,db1347c516927c55b4fa54339d83874f
439,SELVA DE MAR / PG. DEL TAULAT,2.2135818,41.4053697,10,16,db9e48be6f122b678843577e540f72ea
440,"GRAN VIA DE LES CORTS CATALANES, 368",2.1481993,41.3741093,4,15,dbdbd5155b0e2a3df5369a3d19e499f2
441,"C/ DOCTOR AIGUADER, 2",2.187093,41.382335,5,10,dc04b4e3cdc44b9f8138c24836c54d4f
442,"C/ CARTAGENA, 308",2.1757334,41.410314,9,4,dc60d6ec5fb65c625c08180f89a280eb
443,"C/ ROCAFORT, 214 | C/ ROSSELLÓ",2.1454802,41.3852864,0,22,dc64552c5a36d359c0435849a3e36880
444,"C/ ARIZALA, 77",2.1233038,41.3789061,23,9,ddd1cf82f9fbc6f46089b086af6e110b
445,"GRAN VIA DE LES CORTS CATALANES, 1157 (D)",2.20934,41.4194972,16,37,dde5c154868c7fbe8266a3da127514db
446,"C/ ARAGÓ, 629",2.1884487,41.410098,6,12,de0e8ba6e1c44e2b7c452a639777e19a
447,"AV. ESTADI, 12",2.1476099,41.3653602,0,38,dec618417ae38ddec1c28c5f01ef6446
448,"C/ CARDENAL TEDESCHINI, 13",2.1852073,41.4253643,9,22,dedcd93fbe85671e73c79baf58bd7fed
449,"C/ SANTA FE DE NOU MÈXIC, 2",2.1345892,41.3935816,16,16,df6d9ac9a5659d0735da9a04a3a0c3ae
450,JARDINS DE CAN FERRERO/PG.DE LA ZONA FRANCA,2.141563,41.357067,4,29,e02c5db9e6f6fca078798c9b2d486a81
451,"C/ SARDENYA, 66",2.189371,41.391466,9,14,e2ee896f2f3d4b130d38151de25b0b6a
452,C/ PINTOR RIBALTA | AV. XILE,2.1135824,41.3791986,11,17,e2f96d6f9ed195e6bc2ece7b2ca1c117
453,PG. DE COLOM /VIA LAIETANA,2.1822815,41.380628,7,7,e51a6f5b087c0d367d3ad07e00dd54e1
454,"C/ REUS, 23",2.134603,41.4050074,6,15,e63e0e9835b8a41b14c65052e5ef26da
455,"C/ HONDURAS, 32-34",2.1894852,41.4202459,3,26,e6a4d0046fc56369d63e1cdc691f65d1
456,"AV. VALLCARCA, 196",2.1421504,41.4160558,3,24,e6b1bab15b484861552a0e83f61f0ce0
457,"C/ ROSSELLÓ,  101",2.149131,41.3871904,4,20,e6c6292c893403eff858fceafddfffcc
458,"C/ JOAN D'ÀUSTRIA, 31B",2.1925059,41.392384,4,18,e836f33eaf19175d32d4b8042594331a
459,"C/ ELISA, 1",2.1420204,41.4052698,5,8,e8c928bbf201f07a09e6f9afbcab650b
460,"C/ DE L'ESCULTOR ORDÓÑEZ, 55",2.1748267,41.4340849,7,19,e8f93835abfe9d85300bc608484fe11c
461,"C/ RIBES, 13",2.1812483,41.3933173,8,10,e959935456092cb96b784429fcbc3ff7
462,"AV. PARAL.LEL, 194",2.1523091,41.3751161,8,17,e964297fbcd2fc96bb6632e5a530d0df
463,"C/ DOCTOR ROUX, 86",2.1281922,41.3998981,0,23,ea70d3859cc7f8482e9acbb1d16826a5
464,"C/ SANT ADRIÀ, 43",2.1948002,41.4352071,1,22,eabcedd1303965a9f8050b1566b9899e
465,"C/ PERE IV,  301 / FLUVIÀ",2.2024461,41.4093405,9,15,eb03f3afac0686805e05b09ec1ed32c7
466," C/ SANT ANTONI MARIA CLARET, 214   ",2.1740575,41.4108439,2,14,eb9804d8f13e410f242f9674d5a34452
467,"C/ CASTILLEJOS, 388",2.170592,41.412427,10,19,eba432dc58a0ee6fbe4f6323f4be441f
468,"C/ PROVENÇA, 388-390",2.169941,41.401061,1,21,ec1db62dd08a4c1ff0bafae671d06714
469,"RONDA DE SANT PAU, 51",2.1646742,41.3773113,32,1,ed1093b9e37a0c0afcf57114d7aa228d
470,PG.DE COLOM (LES RAMBLES),2.17871,41.376433,19,18,ed25291d0f5edd91615d154f243f82f9
471,"VIA BARCINO, 121",2.19294,41.448152,0,19,ed4251264bc9b6f96c35c3dc83b6cfb2
472,"C/ GRAN DE LA SAGRERA, 74",2.1913753,41.4230551,3,22,ee0ac58184126f8b0c3ed4074e2acb32
473,"C/ DOCTOR SALVADOR CARDENAL, 1-5",2.122893,41.3853868,7,22,ef4175249232a71e6f8d55d6ff546253
474,"C / INDÚSTRIA, 10",2.1649035,41.4022081,5,13,efafae9cf7cf875ba960a16df971894b
475,"C/ PROVENÇA, 322",2.1646338,41.3967524,1,15,efec17f63cd2b413fca24ecb8513af38
476,"PG. ZONA FRANCA, 244",2.1369015,41.36352,13,3,f02902460e1873902ce5cd04c4733484
477,"C/ GALLEGO, 2",2.1202487,41.3785631,12,11,f10f219e4f969e8b6940ec1ee720205e
478,"C/ COMTE URGELL, 23",2.1606506,41.380393,6,20,f131c8be74d689e7349af47724d88348
479,"PG. TORRAS I BAGES, 129",2.1906302,41.4433647,5,19,f1aaf083aaa04498aad975bc45bdc089
480,"RAMBLA  DE GUIPÚSCOA, 158/ CA N'OLIVA",2.2060317,41.4227912,7,15,f1dd35f19d0a59bc41503000390a2840
481,"C/ MARBRE, 2",2.1476169,41.3614158,5,22,f1e1730612b93c6440cf4e95f301d41c
482,"GRAN VIA DE LES CORTS CATALANES,  1131",2.2058133,41.4183999,9,26,f28ea408c98c269ec16dd1a110ba77cc
483,"C/ ARAGÓ, 659 /NAVAS DE TOLOSA",2.1907524,41.4120681,6,14,f312a0132032a3ac10803bb9e621e117
484,"C/ ROGER DE FLOR, 126",2.1771985,41.3954877,8,17,f3171a128fc9e9f7ab0f70e9334d3860
485,"C/ VALLESPIR, 130",2.1354149,41.3821371,2,23,f3351418bc7b868c203b94a4a4a4d3a3
486,"C/ QUETZAL, 22-24",2.1342316,41.3675438,13,12,f3372fefe9287bdfeaec076d7cbc3471
487,"C/ GRANADELLA, 10-19 | C/ SAS",2.2039823,41.4383117,6,12,f35b1f7f5f0ff3970a90b96640059a32
488,"C/ CAVALLERS, 41",2.111541,41.3906352,0,32,f3c74e7e0f1a8c1445c57b669bf82b0c
489,"C/ VILADOMAT, 122",2.1559939,41.3808772,18,4,f42676e8a08f610ac64c2912a14395c8
490,"C/ VILARDELL, 18",2.1422556,41.3745238,10,20,f47b91ad3e2f9e22babba8f999c32b8c
491,"RDA. DE SANT PERE, 26",2.17425,41.389492,2,17,f4d8965d9acfe29d7b109123ac723c74
492,"C/ 60, NÚMERO 25",2.1436235,41.3467746,8,32,f4de870ade61e6ba95e883709c5492ee
493,"C/ MANSO, 46",2.16113608,41.377046,21,0,f4fa7f17f346f7172eae9dbd166fbdf7
494,"PG. DE L´EXPOSICIÓ, 38 | BLASCO GARAY",2.162203,41.371532,22,2,f5461828b3764ce4cc6d98c8bf583be5
495,"RAMBLA DEL RAVAL, 20",2.1696744,41.3781065,22,0,f5857b295e06b4662db61d3d7fec7a78
496,PL. CARLES PI I SUNYER,2.174016,41.385086,16,2,f64f7ec154143f871bb06d378e982e0d
497,PL. POETA BOSCÀ | C/ ATLÀNTIDA,2.189906,41.379326,16,2,f8756b6af18c2fedd8a295040279aecc
498,"GRAN VIA DE LES CORTS CATALANES, 1118",2.2058345,41.4167933,9,11,f9e2bce2fb587714a956883db5bd5689
499,"C/ ALFAMBRA, 2 | AV. DIAGONAL",2.113096,41.385641,2,24,fa673f1e3be9fe199c0752d9f92a0fbc
500,"C/ LLOBREGÓS, 115",2.1570492,41.4246885,3,24,faaa75871b7cee48bba7f3242d86bcbb
501,"C/ NUMÀNCIA, 2",2.141767,41.381219,1,21,fb7923cf9d6258b3827621a17c16f3f1
502,"PL. CATALUNYA, 5",2.168819,41.387235,3,20,fb90b1e2dcf1b2cbb9087f0830ff9df6
503,"PG. ZONA FRANCA, 182",2.138931,41.360798,26,7,fbc62f405e5d474a6ebba1729d90dc79
504,"C/ RAMON TRIAS FARGAS, 21",2.1904003,41.3902194,7,38,fcaa1662c358b960bf763c0d1439882f
505,"C/ GELABERT, 1",2.1410945,41.3871579,5,16,fd08dcaaa7b28d2c894bb8cc0c75475b
506,PG. MARÍTIM DE LA BARCELONETA/ANDREA DÒRIA,2.1934636,41.380955,29,4,fd25cee068a839f63c4e287ae067942c
507,"C/ DE CERVELLÓ, 5",2.1748621,41.3765618,18,5,fda312f7d7ab1b99dddb04d926b64f80
508,"C/ JORGE MANRIQUE, 15",2.1499103,41.4312335,3,23,fda98e4d825084470de7b3d76c0a0f2b
509,"C/ RECTOR UBACH, 24",2.1440826,41.3985735,1,25,fdc17d98e3f99d3d35063a93c887f09d
510,C/ NOVA  BOCANA,2.1878126,41.3702483,2,25,fdd54a815b9df606b7855bc3d48fe805
511,"C/ FERNANDO PESSOA, 41",2.192957641716178,41.441986663902426,4,22,febbbd9d185c2de1b8be5990c86568bb
512,"PG. DE GARCIA FÀRIA, 85",2.2162094,41.4053649,2,21,ff00e5fcc43ffb93a773a9c35b0a0cb2
513,"C/ COMTE BORRELL, 198",2.1521802,41.3854003,1,23,ffa7f0802de02896fedf531adb54aff0
514,"C/ RAMON TURRÓ, 246",2.2053803,41.4017084,19,7,ffbaa273abd20a25367fc85ccfd7330c
